{"acc": 0.8716321247603781, "loss": 0.15220315039649432, "_timestamp": 1715108764.9339669, "_runtime": 3.401815891265869, "_step": 7, "_wandb": {"runtime": 1}}