{"graph": {"_type": "graph-file", "sha256": "d73a3d53c29bf22fe197a4fe0ae1e6680ed2a73a61b28e579e9eafc4a023d7ac", "size": 2789, "path": "media/graph/graph_summary_d73a3d53c29bf22fe197.graph.json"}, "epoch": 99, "_timestamp": 1715116792.93917, "loss": 0.8542104363441467, "accuracy": 0.6450980305671692, "val_loss": 1.2346500158309937, "val_accuracy": 0.5450000166893005, "_runtime": 7205.924036979675, "_step": 99, "best_val_loss": 1.1326457262039185, "best_epoch": 75}